,threshold,specificity,sensitivity,accuracy,tn,tp,fn,fp,npv,ppv,fdr,fpr,tpr,tnr,fnr,1-specificity,1-sensitivity,1-accuracy,1-npv,1-ppv,precision,recall,youden,closest.topleft,is_best,model
1,0,0,1,0.010364901,0,73,0,6970,NA,0.010364901,0.989635099,1,1,0,0,1,0,0.989635099,NA,0.989635099,0.010364901,1,1,1,FALSE,glm
2,0.008016404,0.885222382,0.547945205,0.881726537,6170,40,33,800,0.994679994,0.047619048,0.952380952,0.114777618,0.547945205,0.885222382,0.452054795,0.114777618,0.452054795,0.118273463,0.005320006,0.952380952,0.047619048,0.547945205,1.433167587,0.217527439,FALSE,glm
3,0.008520829,0.899713056,0.534246575,0.895925032,6271,39,34,699,0.994607454,0.052845528,0.947154472,0.100286944,0.534246575,0.899713056,0.465753425,0.100286944,0.465753425,0.104074968,0.005392546,0.947154472,0.052845528,0.534246575,1.433959631,0.226983724,FALSE,glm
4,0.009390332,0.900860832,0.534246575,0.897060912,6279,39,34,691,0.994614288,0.053424658,0.946575342,0.099139168,0.534246575,0.900860832,0.465753425,0.099139168,0.465753425,0.102939088,0.005385712,0.946575342,0.053424658,0.534246575,1.435107407,0.226754827,TRUE,glm
5,0.010122374,0.913342898,0.465753425,0.908703677,6366,34,39,604,0.993911007,0.053291536,0.946708464,0.086657102,0.465753425,0.913342898,0.534246575,0.086657102,0.534246575,0.091296323,0.006088993,0.946708464,0.053291536,0.465753425,1.379096323,0.292928857,FALSE,glm
6,0.010771193,0.917360115,0.465753425,0.912679256,6394,34,39,576,0.99393751,0.055737705,0.944262295,0.082639885,0.465753425,0.917360115,0.534246575,0.082639885,0.534246575,0.087320744,0.00606249,0.944262295,0.055737705,0.465753425,1.383113539,0.292248754,FALSE,glm
7,0.011346665,0.918077475,0.438356164,0.913105211,6399,32,41,571,0.99363354,0.053067993,0.946932007,0.081922525,0.438356164,0.918077475,0.561643836,0.081922525,0.561643836,0.086894789,0.00636646,0.946932007,0.053067993,0.438356164,1.356433639,0.322155098,FALSE,glm
8,0.011473788,0.918220947,0.438356164,0.913247196,6400,32,41,570,0.993634529,0.053156146,0.946843854,0.081779053,0.438356164,0.918220947,0.561643836,0.081779053,0.561643836,0.086752804,0.006365471,0.946843854,0.053156146,0.438356164,1.356577111,0.322131612,FALSE,glm
9,0.011614041,0.918507891,0.438356164,0.913531166,6402,32,41,568,0.993636505,0.053333333,0.946666667,0.081492109,0.438356164,0.918507891,0.561643836,0.081492109,0.561643836,0.086468834,0.006363495,0.946666667,0.053333333,0.438356164,1.356864055,0.322084762,FALSE,glm
10,0.012188286,0.919225251,0.438356164,0.91424109,6407,32,41,563,0.993641439,0.053781513,0.946218487,0.080774749,0.438356164,0.919225251,0.561643836,0.080774749,0.561643836,0.08575891,0.006358561,0.946218487,0.053781513,0.438356164,1.357581415,0.321968358,FALSE,glm
11,0.013124219,0.937446198,0.410958904,0.931989209,6534,30,43,436,0.993462065,0.064377682,0.935622318,0.062553802,0.410958904,0.937446198,0.589041096,0.062553802,0.589041096,0.068010791,0.006537935,0.935622318,0.064377682,0.410958904,1.348405102,0.350882391,FALSE,glm
12,0.013945536,0.937876614,0.410958904,0.932415164,6537,30,43,433,0.993465046,0.064794816,0.935205184,0.062123386,0.410958904,0.937876614,0.589041096,0.062123386,0.589041096,0.067584836,0.006534954,0.935205184,0.064794816,0.410958904,1.348835518,0.350828728,FALSE,glm
13,0.015359697,0.939598278,0.410958904,0.934118983,6549,30,43,421,0.993476942,0.066518847,0.933481153,0.060401722,0.410958904,0.939598278,0.589041096,0.060401722,0.589041096,0.065881017,0.006523058,0.933481153,0.066518847,0.410958904,1.350557182,0.350617781,FALSE,glm
14,0.016549735,0.941463415,0.410958904,0.935964788,6562,30,43,408,0.99348978,0.068493151,0.931506849,0.058536585,0.410958904,0.941463415,0.589041096,0.058536585,0.589041096,0.064035212,0.00651022,0.931506849,0.068493151,0.410958904,1.352422319,0.350395944,FALSE,glm
15,0.016907302,0.942324247,0.410958904,0.936816697,6568,30,43,402,0.993495689,0.069444444,0.930555556,0.057675753,0.410958904,0.942324247,0.589041096,0.057675753,0.589041096,0.063183303,0.006504311,0.930555556,0.069444444,0.410958904,1.353283151,0.350295905,FALSE,glm
16,0.01745017,0.942467719,0.410958904,0.936958682,6569,30,43,401,0.993496673,0.069605568,0.930394432,0.057532281,0.410958904,0.942467719,0.589041096,0.057532281,0.589041096,0.063041318,0.006503327,0.930394432,0.069605568,0.410958904,1.353426623,0.350279376,FALSE,glm
17,0.018145789,0.942611191,0.410958904,0.937100667,6570,30,43,400,0.993497656,0.069767442,0.930232558,0.057388809,0.410958904,0.942611191,0.589041096,0.057388809,0.589041096,0.062899333,0.006502344,0.930232558,0.069767442,0.410958904,1.353570095,0.350262888,FALSE,glm
18,0.018764274,0.943041607,0.410958904,0.937526622,6573,30,43,397,0.993500605,0.070257611,0.929742389,0.056958393,0.410958904,0.943041607,0.589041096,0.056958393,0.589041096,0.062473378,0.006499395,0.929742389,0.070257611,0.410958904,1.354000511,0.350213671,FALSE,glm
19,0.019169669,0.943185079,0.410958904,0.937668607,6574,30,43,396,0.993501587,0.070422535,0.929577465,0.056814921,0.410958904,0.943185079,0.589041096,0.056814921,0.589041096,0.062331393,0.006498413,0.929577465,0.070422535,0.410958904,1.354143983,0.350197348,FALSE,glm
20,0.020644623,0.943328551,0.410958904,0.937810592,6575,30,43,395,0.993502569,0.070588235,0.929411765,0.056671449,0.410958904,0.943328551,0.589041096,0.056671449,0.589041096,0.062189408,0.006497431,0.929411765,0.070588235,0.410958904,1.354287455,0.350181066,FALSE,glm
21,0.022615745,0.943472023,0.410958904,0.937952577,6576,30,43,394,0.99350355,0.070754717,0.929245283,0.056527977,0.410958904,0.943472023,0.589041096,0.056527977,0.589041096,0.062047423,0.00649645,0.929245283,0.070754717,0.410958904,1.354430927,0.350164825,FALSE,glm
22,0.024107779,0.943615495,0.410958904,0.938094562,6577,30,43,393,0.993504532,0.070921986,0.929078014,0.056384505,0.410958904,0.943615495,0.589041096,0.056384505,0.589041096,0.061905438,0.006495468,0.929078014,0.070921986,0.410958904,1.354574399,0.350148625,FALSE,glm
23,0.025161615,0.944189383,0.410958904,0.938662502,6581,30,43,389,0.993508454,0.071599045,0.928400955,0.055810617,0.410958904,0.944189383,0.589041096,0.055810617,0.589041096,0.061337498,0.006491546,0.928400955,0.071599045,0.410958904,1.355148287,0.350084238,FALSE,glm
24,0.0259047,0.944332855,0.410958904,0.938804487,6582,30,43,388,0.993509434,0.071770335,0.928229665,0.055667145,0.410958904,0.944332855,0.589041096,0.055667145,0.589041096,0.061195513,0.006490566,0.928229665,0.071770335,0.410958904,1.355291759,0.350068244,FALSE,glm
25,0.027325533,0.944619799,0.410958904,0.939088457,6584,30,43,386,0.993511393,0.072115385,0.927884615,0.055380201,0.410958904,0.944619799,0.589041096,0.055380201,0.589041096,0.060911543,0.006488607,0.927884615,0.072115385,0.410958904,1.355578703,0.350036379,FALSE,glm
26,0.028217568,0.944763271,0.410958904,0.939230442,6585,30,43,385,0.993512372,0.072289157,0.927710843,0.055236729,0.410958904,0.944763271,0.589041096,0.055236729,0.589041096,0.060769558,0.006487628,0.927710843,0.072289157,0.410958904,1.355722175,0.350020509,FALSE,glm
27,0.028907202,0.944906743,0.410958904,0.939372427,6586,30,43,384,0.99351335,0.072463768,0.927536232,0.055093257,0.410958904,0.944906743,0.589041096,0.055093257,0.589041096,0.060627573,0.00648665,0.927536232,0.072463768,0.410958904,1.355865647,0.35000468,FALSE,glm
28,0.029800984,0.945050215,0.397260274,0.939372427,6587,29,44,383,0.9933645,0.07038835,0.92961165,0.054949785,0.397260274,0.945050215,0.602739726,0.054949785,0.602739726,0.060627573,0.0066355,0.92961165,0.07038835,0.397260274,1.342310489,0.366314656,FALSE,glm
29,0.031055676,0.947202296,0.383561644,0.941360216,6602,28,45,368,0.993230029,0.070707071,0.929292929,0.052797704,0.383561644,0.947202296,0.616438356,0.052797704,0.616438356,0.058639784,0.006769971,0.929292929,0.070707071,0.383561644,1.330763939,0.382783845,FALSE,glm
30,0.032243225,0.947345768,0.383561644,0.941502201,6603,28,45,367,0.993231047,0.070886076,0.929113924,0.052654232,0.383561644,0.947345768,0.616438356,0.052654232,0.616438356,0.058497799,0.006768953,0.929113924,0.070886076,0.383561644,1.330907411,0.382768715,FALSE,glm
31,0.033189354,0.94748924,0.383561644,0.941644186,6604,28,45,366,0.993232065,0.07106599,0.92893401,0.05251076,0.383561644,0.94748924,0.616438356,0.05251076,0.616438356,0.058355814,0.006767935,0.92893401,0.07106599,0.383561644,1.331050883,0.382753627,FALSE,glm
32,0.034188283,0.948350072,0.383561644,0.942496095,6610,28,45,360,0.993238167,0.072164948,0.927835052,0.051649928,0.383561644,0.948350072,0.616438356,0.051649928,0.616438356,0.057503905,0.006761833,0.927835052,0.072164948,0.383561644,1.331911716,0.382663962,FALSE,glm
33,0.0351994,0.951649928,0.383561644,0.945761749,6633,28,45,337,0.993261456,0.076712329,0.923287671,0.048350072,0.383561644,0.951649928,0.616438356,0.048350072,0.616438356,0.054238251,0.006738544,0.923287671,0.076712329,0.383561644,1.335211572,0.382333976,FALSE,glm
34,0.035997473,0.976757532,0.356164384,0.970325146,6808,26,47,162,0.993143691,0.138297872,0.861702128,0.023242468,0.356164384,0.976757532,0.643835616,0.023242468,0.643835616,0.029674854,0.006856309,0.861702128,0.138297872,0.356164384,1.332921916,0.415064513,FALSE,glm
35,0.036625228,0.976901004,0.356164384,0.97046713,6809,26,47,161,0.993144691,0.139037433,0.860962567,0.023098996,0.356164384,0.976901004,0.643835616,0.023098996,0.643835616,0.02953287,0.006855309,0.860962567,0.139037433,0.356164384,1.333065388,0.415057865,FALSE,glm
36,0.037552828,0.977044476,0.356164384,0.970609115,6810,26,47,160,0.993145691,0.139784946,0.860215054,0.022955524,0.356164384,0.977044476,0.643835616,0.022955524,0.643835616,0.029390885,0.006854309,0.860215054,0.139784946,0.356164384,1.33320886,0.415051257,FALSE,glm
37,0.037898972,0.977187948,0.356164384,0.9707511,6811,26,47,159,0.99314669,0.140540541,0.859459459,0.022812052,0.356164384,0.977187948,0.643835616,0.022812052,0.643835616,0.0292489,0.00685331,0.859459459,0.140540541,0.356164384,1.333352332,0.415044691,FALSE,glm
38,0.039198683,0.980057389,0.342465753,0.973448814,6831,25,48,139,0.993022242,0.152439024,0.847560976,0.019942611,0.342465753,0.980057389,0.657534247,0.019942611,0.657534247,0.026551186,0.006977758,0.847560976,0.152439024,0.342465753,1.322523142,0.432748993,FALSE,glm
39,0.040745309,0.980200861,0.342465753,0.973590799,6832,25,48,138,0.993023256,0.153374233,0.846625767,0.019799139,0.342465753,0.980200861,0.657534247,0.019799139,0.657534247,0.026409201,0.006976744,0.846625767,0.153374233,0.342465753,1.322666614,0.432743291,FALSE,glm
40,0.041162778,0.980344333,0.342465753,0.973732784,6833,25,48,137,0.99302427,0.154320988,0.845679012,0.019655667,0.342465753,0.980344333,0.657534247,0.019655667,0.657534247,0.026267216,0.00697573,0.845679012,0.154320988,0.342465753,1.322810086,0.432737631,FALSE,glm
41,0.041996481,0.983787661,0.342465753,0.977140423,6857,25,48,113,0.993048516,0.18115942,0.81884058,0.016212339,0.342465753,0.983787661,0.657534247,0.016212339,0.657534247,0.022859577,0.006951484,0.81884058,0.18115942,0.342465753,1.326253415,0.432614125,FALSE,glm
42,0.044352239,0.984505022,0.342465753,0.977850348,6862,25,48,108,0.993053546,0.187969925,0.812030075,0.015494978,0.342465753,0.984505022,0.657534247,0.015494978,0.657534247,0.022149652,0.006946454,0.812030075,0.187969925,0.342465753,1.326970775,0.43259138,FALSE,glm
43,0.046243874,0.985652798,0.328767123,0.978844243,6870,24,49,100,0.992918052,0.193548387,0.806451613,0.014347202,0.328767123,0.985652798,0.671232877,0.014347202,0.671232877,0.021155757,0.007081948,0.806451613,0.193548387,0.328767123,1.314419921,0.450759417,FALSE,glm
44,0.046742671,0.98579627,0.328767123,0.978986227,6871,24,49,99,0.992919075,0.195121951,0.804878049,0.01420373,0.328767123,0.98579627,0.671232877,0.01420373,0.671232877,0.021013773,0.007080925,0.804878049,0.195121951,0.328767123,1.314563393,0.450755321,FALSE,glm
45,0.047039441,0.985939742,0.328767123,0.979128212,6872,24,49,98,0.992920098,0.196721311,0.803278689,0.014060258,0.328767123,0.985939742,0.671232877,0.014060258,0.671232877,0.020871788,0.007079902,0.803278689,0.196721311,0.328767123,1.314706865,0.450751266,FALSE,glm
46,0.047772618,0.986083214,0.328767123,0.979270197,6873,24,49,97,0.992921121,0.198347107,0.801652893,0.013916786,0.328767123,0.986083214,0.671232877,0.013916786,0.671232877,0.020729803,0.007078879,0.801652893,0.198347107,0.328767123,1.314850337,0.450747252,FALSE,glm
47,0.048493859,0.986657102,0.328767123,0.979838137,6877,24,49,93,0.992925209,0.205128205,0.794871795,0.013342898,0.328767123,0.986657102,0.671232877,0.013342898,0.671232877,0.020161863,0.007074791,0.794871795,0.205128205,0.328767123,1.315424225,0.450731608,FALSE,glm
48,0.049111006,0.986800574,0.315068493,0.979838137,6878,23,50,92,0.99278291,0.2,0.8,0.013199426,0.315068493,0.986800574,0.684931507,0.013199426,0.684931507,0.020161863,0.00721709,0.8,0.2,0.315068493,1.301869067,0.469305394,FALSE,glm
49,0.050270598,0.98723099,0.315068493,0.980264092,6881,23,50,89,0.992786034,0.205357143,0.794642857,0.01276901,0.315068493,0.98723099,0.684931507,0.01276901,0.684931507,0.019735908,0.007213966,0.794642857,0.205357143,0.315068493,1.302299483,0.469294217,FALSE,glm
50,0.05093472,0.98723099,0.301369863,0.980122107,6881,22,51,89,0.992642816,0.198198198,0.801801802,0.01276901,0.301369863,0.98723099,0.698630137,0.01276901,0.698630137,0.019877893,0.007357184,0.801801802,0.198198198,0.301369863,1.288600853,0.488247116,FALSE,glm
51,0.052178643,0.987374462,0.301369863,0.980264092,6882,22,51,88,0.992643877,0.2,0.8,0.012625538,0.301369863,0.987374462,0.698630137,0.012625538,0.698630137,0.019735908,0.007356123,0.8,0.2,0.301369863,1.288744325,0.488243473,FALSE,glm
52,0.053902634,0.987517934,0.301369863,0.980406077,6883,22,51,87,0.992644938,0.201834862,0.798165138,0.012482066,0.301369863,0.987517934,0.698630137,0.012482066,0.698630137,0.019593923,0.007355062,0.798165138,0.201834862,0.301369863,1.288887797,0.48823987,FALSE,glm
53,0.054505837,0.987804878,0.301369863,0.980690047,6885,22,51,85,0.992647059,0.205607477,0.794392523,0.012195122,0.301369863,0.987804878,0.698630137,0.012195122,0.698630137,0.019309953,0.007352941,0.794392523,0.205607477,0.301369863,1.289174741,0.488232789,FALSE,glm
54,0.055276035,0.98794835,0.301369863,0.980832032,6886,22,51,84,0.992648119,0.20754717,0.79245283,0.01205165,0.301369863,0.98794835,0.698630137,0.01205165,0.698630137,0.019167968,0.007351881,0.79245283,0.20754717,0.301369863,1.289318213,0.488229311,FALSE,glm
55,0.056048833,0.98794835,0.273972603,0.980548062,6886,20,53,84,0.992362012,0.192307692,0.807692308,0.01205165,0.273972603,0.98794835,0.726027397,0.01205165,0.726027397,0.019451938,0.007637988,0.807692308,0.192307692,0.273972603,1.261920953,0.527261024,FALSE,glm
56,0.056105164,0.988091822,0.273972603,0.980690047,6887,20,53,83,0.992363112,0.194174757,0.805825243,0.011908178,0.273972603,0.988091822,0.726027397,0.011908178,0.726027397,0.019309953,0.007636888,0.805825243,0.194174757,0.273972603,1.262064425,0.527257586,FALSE,glm
57,0.057004521,0.988522238,0.260273973,0.980974017,6890,19,54,80,0.992223502,0.191919192,0.808080808,0.011477762,0.260273973,0.988522238,0.739726027,0.011477762,0.739726027,0.019025983,0.007776498,0.808080808,0.191919192,0.260273973,1.248796211,0.547326335,FALSE,glm
58,0.057907733,0.989096126,0.260273973,0.981541957,6894,19,54,76,0.992227979,0.2,0.8,0.010903874,0.260273973,0.989096126,0.739726027,0.010903874,0.739726027,0.018458043,0.007772021,0.8,0.2,0.260273973,1.249370099,0.54731349,FALSE,glm
59,0.059237122,0.989239598,0.260273973,0.981683942,6895,19,54,75,0.992229098,0.20212766,0.79787234,0.010760402,0.260273973,0.989239598,0.739726027,0.010760402,0.739726027,0.018316058,0.007770902,0.79787234,0.20212766,0.260273973,1.249513571,0.547310382,FALSE,glm
60,0.06072234,0.989526542,0.260273973,0.981967911,6897,19,54,73,0.992231334,0.206521739,0.793478261,0.010473458,0.260273973,0.989526542,0.739726027,0.010473458,0.739726027,0.018032089,0.007768666,0.793478261,0.206521739,0.260273973,1.249800515,0.547304289,FALSE,glm
61,0.06098338,0.989670014,0.260273973,0.982109896,6898,19,54,72,0.992232451,0.208791209,0.791208791,0.010329986,0.260273973,0.989670014,0.739726027,0.010329986,0.739726027,0.017890104,0.007767549,0.791208791,0.208791209,0.260273973,1.249943987,0.547301304,FALSE,glm
62,0.061294599,0.99010043,0.260273973,0.982535851,6901,19,54,69,0.992235802,0.215909091,0.784090909,0.00989957,0.260273973,0.99010043,0.739726027,0.00989957,0.739726027,0.017464149,0.007764198,0.784090909,0.215909091,0.260273973,1.250374403,0.547292597,FALSE,glm
63,0.061885062,0.990674319,0.260273973,0.983103791,6905,19,54,65,0.992240264,0.226190476,0.773809524,0.009325681,0.260273973,0.990674319,0.739726027,0.009325681,0.739726027,0.016896209,0.007759736,0.773809524,0.226190476,0.260273973,1.250948291,0.547281564,FALSE,glm
64,0.06350449,0.990817791,0.260273973,0.983245776,6906,19,54,64,0.992241379,0.228915663,0.771084337,0.009182209,0.260273973,0.990817791,0.739726027,0.009182209,0.739726027,0.016754224,0.007758621,0.771084337,0.228915663,0.260273973,1.251091763,0.547278909,FALSE,glm
65,0.064870767,0.991965567,0.260273973,0.984381656,6914,19,54,56,0.992250287,0.253333333,0.746666667,0.008034433,0.260273973,0.991965567,0.739726027,0.008034433,0.739726027,0.015618344,0.007749713,0.746666667,0.253333333,0.260273973,1.252239539,0.547259148,FALSE,glm
66,0.065007051,0.992109039,0.260273973,0.98452364,6915,19,54,55,0.992251399,0.256756757,0.743243243,0.007890961,0.260273973,0.992109039,0.739726027,0.007890961,0.739726027,0.01547636,0.007748601,0.743243243,0.256756757,0.260273973,1.252383011,0.547256863,FALSE,glm
67,0.068224848,0.992252511,0.260273973,0.984665625,6916,19,54,54,0.992252511,0.260273973,0.739726027,0.007747489,0.260273973,0.992252511,0.739726027,0.007747489,0.739726027,0.015334375,0.007747489,0.739726027,0.260273973,0.260273973,1.252526483,0.547254619,FALSE,glm
68,0.072468821,0.992395983,0.260273973,0.98480761,6917,19,54,53,0.992253622,0.263888889,0.736111111,0.007604017,0.260273973,0.992395983,0.739726027,0.007604017,0.739726027,0.01519239,0.007746378,0.736111111,0.263888889,0.260273973,1.252669955,0.547252417,FALSE,glm
69,0.074317316,0.992539455,0.260273973,0.984949595,6918,19,54,52,0.992254733,0.267605634,0.732394366,0.007460545,0.260273973,0.992539455,0.739726027,0.007460545,0.739726027,0.015050405,0.007745267,0.732394366,0.267605634,0.260273973,1.252813427,0.547250255,FALSE,glm
70,0.075826812,0.992682927,0.260273973,0.98509158,6919,19,54,51,0.992255844,0.271428571,0.728571429,0.007317073,0.260273973,0.992682927,0.739726027,0.007317073,0.739726027,0.01490842,0.007744156,0.728571429,0.271428571,0.260273973,1.252956899,0.547248135,FALSE,glm
71,0.080689186,0.992826399,0.260273973,0.985233565,6920,19,54,50,0.992256954,0.275362319,0.724637681,0.007173601,0.260273973,0.992826399,0.739726027,0.007173601,0.739726027,0.014766435,0.007743046,0.724637681,0.275362319,0.260273973,1.253100371,0.547246056,FALSE,glm
72,0.085289529,0.992969871,0.260273973,0.98537555,6921,19,54,49,0.992258065,0.279411765,0.720588235,0.007030129,0.260273973,0.992969871,0.739726027,0.007030129,0.739726027,0.01462445,0.007741935,0.720588235,0.279411765,0.260273973,1.253243843,0.547244018,FALSE,glm
73,0.093897043,0.993113343,0.260273973,0.985517535,6922,19,54,48,0.992259174,0.28358209,0.71641791,0.006886657,0.260273973,0.993113343,0.739726027,0.006886657,0.739726027,0.014482465,0.007740826,0.71641791,0.28358209,0.260273973,1.253387316,0.547242022,FALSE,glm
74,0.103256321,0.993256815,0.260273973,0.98565952,6923,19,54,47,0.992260284,0.287878788,0.712121212,0.006743185,0.260273973,0.993256815,0.739726027,0.006743185,0.739726027,0.01434048,0.007739716,0.712121212,0.287878788,0.260273973,1.253530788,0.547240066,FALSE,glm
75,0.106051139,0.993256815,0.246575342,0.985517535,6923,18,55,47,0.992118085,0.276923077,0.723076923,0.006743185,0.246575342,0.993256815,0.753424658,0.006743185,0.753424658,0.014482465,0.007881915,0.723076923,0.276923077,0.246575342,1.239832157,0.567694185,FALSE,glm
76,0.117932805,0.993400287,0.246575342,0.98565952,6924,18,55,46,0.992119215,0.28125,0.71875,0.006599713,0.246575342,0.993400287,0.753424658,0.006599713,0.753424658,0.01434048,0.007880785,0.71875,0.28125,0.246575342,1.239975629,0.567692271,FALSE,glm
77,0.128503072,0.993543759,0.246575342,0.985801505,6925,18,55,45,0.992120344,0.285714286,0.714285714,0.006456241,0.246575342,0.993543759,0.753424658,0.006456241,0.753424658,0.014198495,0.007879656,0.714285714,0.285714286,0.246575342,1.240119101,0.567690398,FALSE,glm
78,0.13189457,0.993974175,0.246575342,0.98622746,6928,18,55,42,0.992123729,0.3,0.7,0.006025825,0.246575342,0.993974175,0.753424658,0.006025825,0.753424658,0.01377254,0.007876271,0.7,0.3,0.246575342,1.240549518,0.567685025,FALSE,glm
79,0.137086017,0.994835007,0.246575342,0.98707937,6934,18,55,36,0.992130491,0.333333333,0.666666667,0.005164993,0.246575342,0.994835007,0.753424658,0.005164993,0.753424658,0.01292063,0.007869509,0.666666667,0.333333333,0.246575342,1.24141035,0.567675392,FALSE,glm
80,0.141392467,0.995121951,0.246575342,0.987363339,6936,18,55,34,0.992132742,0.346153846,0.653846154,0.004878049,0.246575342,0.995121951,0.753424658,0.004878049,0.753424658,0.012636661,0.007867258,0.653846154,0.346153846,0.246575342,1.241697294,0.56767251,FALSE,glm
81,0.14421141,0.995408895,0.246575342,0.987647309,6938,18,55,32,0.992134992,0.36,0.64,0.004591105,0.246575342,0.995408895,0.753424658,0.004591105,0.753424658,0.012352691,0.007865008,0.64,0.36,0.246575342,1.241984238,0.567669793,FALSE,glm
82,0.145064595,0.995408895,0.232876712,0.987505324,6938,17,56,32,0.991993137,0.346938776,0.653061224,0.004591105,0.232876712,0.995408895,0.767123288,0.004591105,0.767123288,0.012494676,0.008006863,0.653061224,0.346938776,0.232876712,1.228285608,0.588499217,FALSE,glm
83,0.147711793,0.995408895,0.205479452,0.987221355,6938,15,58,32,0.991709548,0.319148936,0.680851064,0.004591105,0.205479452,0.995408895,0.794520548,0.004591105,0.794520548,0.012778645,0.008290452,0.680851064,0.319148936,0.205479452,1.200888347,0.631283979,FALSE,glm
84,0.152304688,0.995839311,0.205479452,0.987647309,6941,15,58,29,0.991713102,0.340909091,0.659090909,0.004160689,0.205479452,0.995839311,0.794520548,0.004160689,0.794520548,0.012352691,0.008286898,0.659090909,0.340909091,0.205479452,1.201318763,0.631280212,FALSE,glm
85,0.158668985,0.995839311,0.191780822,0.987505324,6941,14,59,29,0.991571429,0.325581395,0.674418605,0.004160689,0.191780822,0.995839311,0.808219178,0.004160689,0.808219178,0.012494676,0.008428571,0.674418605,0.325581395,0.191780822,1.187620133,0.653235551,FALSE,glm
86,0.163119036,0.995839311,0.178082192,0.987363339,6941,13,60,29,0.991429796,0.30952381,0.69047619,0.004160689,0.178082192,0.995839311,0.821917808,0.004160689,0.821917808,0.012636661,0.008570204,0.69047619,0.30952381,0.178082192,1.173921503,0.675566195,FALSE,glm
87,0.166969406,0.996126255,0.164383562,0.987505324,6943,12,61,27,0.991290691,0.307692308,0.692307692,0.003873745,0.164383562,0.996126255,0.835616438,0.003873745,0.835616438,0.012494676,0.008709309,0.692307692,0.307692308,0.164383562,1.160509817,0.698269838,FALSE,glm
88,0.170781182,0.996413199,0.150684932,0.987647309,6945,11,62,25,0.991151705,0.305555556,0.694444444,0.003586801,0.150684932,0.996413199,0.849315068,0.003586801,0.849315068,0.012352691,0.008848295,0.694444444,0.305555556,0.150684932,1.147098131,0.721348951,FALSE,glm
89,0.171207895,0.996556671,0.150684932,0.987789294,6946,11,62,24,0.991152968,0.314285714,0.685714286,0.003443329,0.150684932,0.996556671,0.849315068,0.003443329,0.849315068,0.012210706,0.008847032,0.685714286,0.314285714,0.150684932,1.147241603,0.721347942,FALSE,glm
90,0.175135951,0.996700143,0.150684932,0.987931279,6947,11,62,23,0.99115423,0.323529412,0.676470588,0.003299857,0.150684932,0.996700143,0.849315068,0.003299857,0.849315068,0.012068721,0.00884577,0.676470588,0.323529412,0.150684932,1.147385075,0.721346975,FALSE,glm
91,0.182635649,0.996843615,0.150684932,0.988073264,6948,11,62,22,0.991155492,0.333333333,0.666666667,0.003156385,0.150684932,0.996843615,0.849315068,0.003156385,0.849315068,0.011926736,0.008844508,0.666666667,0.333333333,0.150684932,1.147528547,0.721346048,FALSE,glm
92,0.18838725,0.996987088,0.150684932,0.988215249,6949,11,62,21,0.991156754,0.34375,0.65625,0.003012912,0.150684932,0.996987088,0.849315068,0.003012912,0.849315068,0.011784751,0.008843246,0.65625,0.34375,0.150684932,1.147672019,0.721345163,FALSE,glm
93,0.190532151,0.99713056,0.150684932,0.988357234,6950,11,62,20,0.991158015,0.35483871,0.64516129,0.00286944,0.150684932,0.99713056,0.849315068,0.00286944,0.849315068,0.011642766,0.008841985,0.64516129,0.35483871,0.150684932,1.147815491,0.721344319,FALSE,glm
94,0.193798868,0.997274032,0.150684932,0.988499219,6951,11,62,19,0.991159276,0.366666667,0.633333333,0.002725968,0.150684932,0.997274032,0.849315068,0.002725968,0.849315068,0.011500781,0.008840724,0.633333333,0.366666667,0.150684932,1.147958963,0.721343516,FALSE,glm
95,0.198425805,0.997274032,0.136986301,0.988357234,6951,10,63,19,0.991017964,0.344827586,0.655172414,0.002725968,0.136986301,0.997274032,0.863013699,0.002725968,0.863013699,0.011642766,0.008982036,0.655172414,0.344827586,0.136986301,1.134260333,0.744800075,FALSE,glm
96,0.202146207,0.997417504,0.136986301,0.988499219,6952,10,63,18,0.991019244,0.357142857,0.642857143,0.002582496,0.136986301,0.997417504,0.863013699,0.002582496,0.863013699,0.011500781,0.008980756,0.642857143,0.357142857,0.136986301,1.134403805,0.744799313,FALSE,glm
97,0.205273701,0.997560976,0.136986301,0.988641204,6953,10,63,17,0.991020525,0.37037037,0.62962963,0.002439024,0.136986301,0.997560976,0.863013699,0.002439024,0.863013699,0.011358796,0.008979475,0.62962963,0.37037037,0.136986301,1.134547277,0.744798593,FALSE,glm
98,0.215656551,0.997704448,0.136986301,0.988783189,6954,10,63,16,0.991021804,0.384615385,0.615384615,0.002295552,0.136986301,0.997704448,0.863013699,0.002295552,0.863013699,0.011216811,0.008978196,0.615384615,0.384615385,0.136986301,1.134690749,0.744797914,FALSE,glm
99,0.225429727,0.997704448,0.123287671,0.988641204,6954,9,64,16,0.990880593,0.36,0.64,0.002295552,0.123287671,0.997704448,0.876712329,0.002295552,0.876712329,0.011358796,0.009119407,0.64,0.36,0.123287671,1.120992119,0.768629777,FALSE,glm
100,0.226506351,0.99784792,0.123287671,0.988783189,6955,9,64,15,0.990881892,0.375,0.625,0.00215208,0.123287671,0.99784792,0.876712329,0.00215208,0.876712329,0.011216811,0.009118108,0.625,0.375,0.123287671,1.121135591,0.768629139,FALSE,glm
101,0.232024304,0.997991392,0.123287671,0.988925174,6956,9,64,14,0.990883191,0.391304348,0.608695652,0.002008608,0.123287671,0.997991392,0.876712329,0.002008608,0.876712329,0.011074826,0.009116809,0.608695652,0.391304348,0.123287671,1.121279063,0.768628542,FALSE,glm
102,0.240781607,0.998134864,0.123287671,0.989067159,6957,9,64,13,0.990884489,0.409090909,0.590909091,0.001865136,0.123287671,0.998134864,0.876712329,0.001865136,0.876712329,0.010932841,0.009115511,0.590909091,0.409090909,0.123287671,1.121422535,0.768627986,FALSE,glm
103,0.270870519,0.998278336,0.123287671,0.989209144,6958,9,64,12,0.990885788,0.428571429,0.571428571,0.001721664,0.123287671,0.998278336,0.876712329,0.001721664,0.876712329,0.010790856,0.009114212,0.571428571,0.428571429,0.123287671,1.121566007,0.768627472,FALSE,glm
104,0.297084134,0.998421808,0.123287671,0.989351129,6959,9,64,11,0.990887085,0.45,0.55,0.001578192,0.123287671,0.998421808,0.876712329,0.001578192,0.876712329,0.010648871,0.009112915,0.55,0.45,0.123287671,1.121709479,0.768626998,FALSE,glm
105,0.300084628,0.99856528,0.123287671,0.989493114,6960,9,64,10,0.990888383,0.473684211,0.526315789,0.00143472,0.123287671,0.99856528,0.876712329,0.00143472,0.876712329,0.010506886,0.009111617,0.526315789,0.473684211,0.123287671,1.121852951,0.768626566,FALSE,glm
106,0.331008666,0.998708752,0.123287671,0.989635099,6961,9,64,9,0.99088968,0.5,0.5,0.001291248,0.123287671,0.998708752,0.876712329,0.001291248,0.876712329,0.010364901,0.00911032,0.5,0.5,0.123287671,1.121996423,0.768626175,FALSE,glm
107,0.362908089,0.998995696,0.123287671,0.989919069,6963,9,64,7,0.990892273,0.5625,0.4375,0.001004304,0.123287671,0.998995696,0.876712329,0.001004304,0.876712329,0.010080931,0.009107727,0.4375,0.5625,0.123287671,1.122283367,0.768625516,FALSE,glm
108,0.378323127,0.998995696,0.082191781,0.989493114,6963,6,67,7,0.990469417,0.461538462,0.538461538,0.001004304,0.082191781,0.998995696,0.917808219,0.001004304,0.917808219,0.010506886,0.009530583,0.538461538,0.461538462,0.082191781,1.081187477,0.842372936,FALSE,glm
109,0.39681738,0.999139168,0.082191781,0.989635099,6964,6,67,6,0.990470772,0.5,0.5,0.000860832,0.082191781,0.999139168,0.917808219,0.000860832,0.917808219,0.010364901,0.009529228,0.5,0.5,0.082191781,1.081330949,0.842372668,FALSE,glm
110,0.404759427,0.999139168,0.068493151,0.989493114,6964,5,68,6,0.99032992,0.454545455,0.545454545,0.000860832,0.068493151,0.999139168,0.931506849,0.000860832,0.931506849,0.010506886,0.00967008,0.545454545,0.454545455,0.068493151,1.067632319,0.867705751,FALSE,glm
111,0.40773449,0.999426112,0.068493151,0.989777084,6966,5,68,4,0.99033267,0.555555556,0.444444444,0.000573888,0.068493151,0.999426112,0.931506849,0.000573888,0.931506849,0.010222916,0.00966733,0.444444444,0.555555556,0.068493151,1.067919263,0.86770534,FALSE,glm
112,0.431346525,0.999569584,0.068493151,0.989919069,6967,5,68,3,0.990334044,0.625,0.375,0.000430416,0.068493151,0.999569584,0.931506849,0.000430416,0.931506849,0.010080931,0.009665956,0.375,0.625,0.068493151,1.068062735,0.867705196,FALSE,glm
113,0.470735456,0.999569584,0.054794521,0.989777084,6967,4,69,3,0.990193292,0.571428571,0.428571429,0.000430416,0.054794521,0.999569584,0.945205479,0.000430416,0.945205479,0.010222916,0.009806708,0.428571429,0.571428571,0.054794521,1.054364104,0.893413584,FALSE,glm
114,0.497138739,0.999569584,0.04109589,0.989635099,6967,3,70,3,0.990052579,0.5,0.5,0.000430416,0.04109589,0.999569584,0.95890411,0.000430416,0.95890411,0.010364901,0.009947421,0.5,0.5,0.04109589,1.040665474,0.919497277,FALSE,glm
115,0.517307267,0.999713056,0.04109589,0.989777084,6968,3,70,2,0.990053993,0.6,0.4,0.000286944,0.04109589,0.999713056,0.95890411,0.000286944,0.95890411,0.010222916,0.009946007,0.4,0.6,0.04109589,1.040808946,0.919497174,FALSE,glm
116,0.539094398,0.999856528,0.04109589,0.989919069,6969,3,70,1,0.990055406,0.75,0.25,0.000143472,0.04109589,0.999856528,0.95890411,0.000143472,0.95890411,0.010080931,0.009944594,0.25,0.75,0.04109589,1.040952418,0.919497112,FALSE,glm
117,0.647364345,1,0.04109589,0.990061054,6970,3,70,0,0.990056818,1,0,0,0.04109589,1,0.95890411,0,0.95890411,0.009938946,0.009943182,0,1,0.04109589,1.04109589,0.919497091,FALSE,glm
118,0.780616088,1,0.02739726,0.989919069,6970,2,71,0,0.989916205,1,0,0,0.02739726,1,0.97260274,0,0.97260274,0.010080931,0.010083795,0,1,0.02739726,1.02739726,0.945956089,FALSE,glm
119,0.870792255,1,0.01369863,0.989777084,6970,1,72,0,0.989775632,1,0,0,0.01369863,1,0.98630137,0,0.98630137,0.010222916,0.010224368,0,1,0.01369863,1.01369863,0.972790392,FALSE,glm
120,1,1,0,0.989635099,6970,0,73,0,0.989635099,NA,NA,0,0,1,1,0,1,0.010364901,0.010364901,NA,NA,0,1,1,FALSE,glm
121,0,0,1,0.010364901,0,73,0,6970,NA,0.010364901,0.989635099,1,1,0,0,1,0,0.989635099,NA,0.989635099,0.010364901,1,1,1,FALSE,smote
122,0.007004176,0.876901004,0.561643836,0.873633395,6112,41,32,858,0.994791667,0.045606229,0.954393771,0.123098996,0.561643836,0.876901004,0.438356164,0.123098996,0.438356164,0.126366605,0.005208333,0.954393771,0.045606229,0.561643836,1.43854484,0.20730949,FALSE,smote
123,0.007071947,0.877187948,0.561643836,0.873917365,6114,41,32,856,0.994793362,0.045707915,0.954292085,0.122812052,0.561643836,0.877187948,0.438356164,0.122812052,0.438356164,0.126082635,0.005206638,0.954292085,0.045707915,0.561643836,1.438831784,0.207238927,FALSE,smote
124,0.00799504,0.87804878,0.561643836,0.874769274,6120,41,32,850,0.99479844,0.046015713,0.953984287,0.12195122,0.561643836,0.87804878,0.438356164,0.12195122,0.438356164,0.125230726,0.00520156,0.953984287,0.046015713,0.561643836,1.439692616,0.207028227,TRUE,smote
125,0.009093528,0.885222382,0.547945205,0.881726537,6170,40,33,800,0.994679994,0.047619048,0.952380952,0.114777618,0.547945205,0.885222382,0.452054795,0.114777618,0.452054795,0.118273463,0.005320006,0.952380952,0.047619048,0.547945205,1.433167587,0.217527439,FALSE,smote
126,0.009282853,0.897704448,0.479452055,0.893369303,6257,35,38,713,0.993963463,0.046791444,0.953208556,0.102295552,0.479452055,0.897704448,0.520547945,0.102295552,0.520547945,0.106630697,0.006036537,0.953208556,0.046791444,0.479452055,1.377156502,0.281434543,FALSE,smote
127,0.009385905,0.898852224,0.479452055,0.894505182,6265,35,38,705,0.993971125,0.047297297,0.952702703,0.101147776,0.479452055,0.898852224,0.520547945,0.101147776,0.520547945,0.105494818,0.006028875,0.952702703,0.047297297,0.479452055,1.378304279,0.281201036,FALSE,smote
128,0.009954305,0.902439024,0.479452055,0.898054806,6290,35,38,680,0.993994943,0.048951049,0.951048951,0.097560976,0.479452055,0.902439024,0.520547945,0.097560976,0.520547945,0.101945194,0.006005057,0.951048951,0.048951049,0.479452055,1.381891079,0.280488307,FALSE,smote
129,0.010567208,0.902582496,0.479452055,0.898196791,6291,35,38,679,0.993995892,0.049019608,0.950980392,0.097417504,0.479452055,0.902582496,0.520547945,0.097417504,0.520547945,0.101803209,0.006004108,0.950980392,0.049019608,0.479452055,1.382034551,0.280460333,FALSE,smote
130,0.011125665,0.910760402,0.465753425,0.906147948,6348,34,39,622,0.993893847,0.051829268,0.948170732,0.089239598,0.465753425,0.910760402,0.534246575,0.089239598,0.534246575,0.093852052,0.006106153,0.948170732,0.051829268,0.465753425,1.376513826,0.293383109,FALSE,smote
131,0.011849294,0.911477762,0.465753425,0.906857873,6353,34,39,617,0.993898623,0.052227343,0.947772657,0.088522238,0.465753425,0.911477762,0.534246575,0.088522238,0.534246575,0.093142127,0.006101377,0.947772657,0.052227343,0.465753425,1.377231186,0.29325559,FALSE,smote
132,0.012277162,0.911908178,0.465753425,0.907283828,6356,34,39,614,0.993901486,0.052469136,0.947530864,0.088091822,0.465753425,0.911908178,0.534246575,0.088091822,0.534246575,0.092716172,0.006098514,0.947530864,0.052469136,0.465753425,1.377661603,0.293179572,FALSE,smote
133,0.012534619,0.912482066,0.438356164,0.907567798,6360,32,41,610,0.993594751,0.049844237,0.950155763,0.087517934,0.438356164,0.912482066,0.561643836,0.087517934,0.561643836,0.092432202,0.006405249,0.950155763,0.049844237,0.438356164,1.35083823,0.323103187,FALSE,smote
134,0.012975048,0.912625538,0.438356164,0.907709783,6361,32,41,609,0.993595751,0.049921997,0.950078003,0.087374462,0.438356164,0.912625538,0.561643836,0.087374462,0.561643836,0.092290217,0.006404249,0.950078003,0.049921997,0.438356164,1.350981702,0.323078095,FALSE,smote
135,0.01339009,0.928837877,0.410958904,0.923470112,6474,30,43,496,0.993401872,0.057034221,0.942965779,0.071162123,0.410958904,0.928837877,0.589041096,0.071162123,0.589041096,0.076529888,0.006598128,0.942965779,0.057034221,0.410958904,1.339796781,0.35203346,FALSE,smote
136,0.013518814,0.929411765,0.410958904,0.924038052,6478,30,43,492,0.993405919,0.057471264,0.942528736,0.070588235,0.410958904,0.929411765,0.589041096,0.070588235,0.589041096,0.075961948,0.006594081,0.942528736,0.057471264,0.410958904,1.340370669,0.351952112,FALSE,smote
137,0.013629574,0.930129125,0.410958904,0.924747977,6483,30,43,487,0.993410971,0.058027079,0.941972921,0.069870875,0.410958904,0.930129125,0.589041096,0.069870875,0.589041096,0.075252023,0.006589029,0.941972921,0.058027079,0.410958904,1.341088029,0.351851352,FALSE,smote
138,0.014731767,0.936441894,0.410958904,0.930995314,6527,30,43,443,0.993455099,0.063424947,0.936575053,0.063558106,0.410958904,0.936441894,0.589041096,0.063558106,0.589041096,0.069004686,0.006544901,0.936575053,0.063424947,0.410958904,1.347400798,0.351009046,FALSE,smote
139,0.015809239,0.936585366,0.410958904,0.931137299,6528,30,43,442,0.993456095,0.063559322,0.936440678,0.063414634,0.410958904,0.936585366,0.589041096,0.063414634,0.589041096,0.068862701,0.006543905,0.936440678,0.063559322,0.410958904,1.34754427,0.350990828,FALSE,smote
140,0.016053594,0.936728838,0.410958904,0.931279284,6529,30,43,441,0.993457091,0.063694268,0.936305732,0.063271162,0.410958904,0.936728838,0.589041096,0.063271162,0.589041096,0.068720716,0.006542909,0.936305732,0.063694268,0.410958904,1.347687742,0.350972653,FALSE,smote
141,0.016615563,0.93687231,0.410958904,0.931421269,6530,30,43,440,0.993458086,0.063829787,0.936170213,0.06312769,0.410958904,0.93687231,0.589041096,0.06312769,0.589041096,0.068578731,0.006541914,0.936170213,0.063829787,0.410958904,1.347831214,0.350954518,FALSE,smote
142,0.017143004,0.93758967,0.410958904,0.932131194,6535,30,43,435,0.993463059,0.064516129,0.935483871,0.06241033,0.410958904,0.93758967,0.589041096,0.06241033,0.589041096,0.067868806,0.006536941,0.935483871,0.064516129,0.410958904,1.348548574,0.350864462,FALSE,smote
143,0.017491669,0.937733142,0.410958904,0.932273179,6536,30,43,434,0.993464052,0.064655172,0.935344828,0.062266858,0.410958904,0.937733142,0.589041096,0.062266858,0.589041096,0.067726821,0.006535948,0.935344828,0.064655172,0.410958904,1.348692046,0.350846574,FALSE,smote
144,0.01770926,0.939598278,0.410958904,0.934118983,6549,30,43,421,0.993476942,0.066518847,0.933481153,0.060401722,0.410958904,0.939598278,0.589041096,0.060401722,0.589041096,0.065881017,0.006523058,0.933481153,0.066518847,0.410958904,1.350557182,0.350617781,FALSE,smote
145,0.017867428,0.941176471,0.410958904,0.935680818,6560,30,43,410,0.993487809,0.068181818,0.931818182,0.058823529,0.410958904,0.941176471,0.589041096,0.058823529,0.589041096,0.064319182,0.006512191,0.931818182,0.068181818,0.410958904,1.352135375,0.35042962,FALSE,smote
146,0.018052752,0.941319943,0.410958904,0.935822803,6561,30,43,409,0.993488795,0.06833713,0.93166287,0.058680057,0.410958904,0.941319943,0.589041096,0.058680057,0.589041096,0.064177197,0.006511205,0.93166287,0.06833713,0.410958904,1.352278847,0.350412762,FALSE,smote
147,0.019247063,0.942180775,0.410958904,0.936674712,6567,30,43,403,0.993494705,0.069284065,0.930715935,0.057819225,0.410958904,0.942180775,0.589041096,0.057819225,0.589041096,0.063325288,0.006505295,0.930715935,0.069284065,0.410958904,1.353139679,0.350312475,FALSE,smote
148,0.020601005,0.942467719,0.410958904,0.936958682,6569,30,43,401,0.993496673,0.069605568,0.930394432,0.057532281,0.410958904,0.942467719,0.589041096,0.057532281,0.589041096,0.063041318,0.006503327,0.930394432,0.069605568,0.410958904,1.353426623,0.350279376,FALSE,smote
149,0.020838882,0.942611191,0.410958904,0.937100667,6570,30,43,400,0.993497656,0.069767442,0.930232558,0.057388809,0.410958904,0.942611191,0.589041096,0.057388809,0.589041096,0.062899333,0.006502344,0.930232558,0.069767442,0.410958904,1.353570095,0.350262888,FALSE,smote
150,0.021152187,0.942754663,0.410958904,0.937242652,6571,30,43,399,0.993498639,0.06993007,0.93006993,0.057245337,0.410958904,0.942754663,0.589041096,0.057245337,0.589041096,0.062757348,0.006501361,0.93006993,0.06993007,0.410958904,1.353713567,0.350246441,FALSE,smote
151,0.021698449,0.942898135,0.410958904,0.937384637,6572,30,43,398,0.993499622,0.070093458,0.929906542,0.057101865,0.410958904,0.942898135,0.589041096,0.057101865,0.589041096,0.062615363,0.006500378,0.929906542,0.070093458,0.410958904,1.353857039,0.350230036,FALSE,smote
152,0.022700319,0.943041607,0.410958904,0.937526622,6573,30,43,397,0.993500605,0.070257611,0.929742389,0.056958393,0.410958904,0.943041607,0.589041096,0.056958393,0.589041096,0.062473378,0.006499395,0.929742389,0.070257611,0.410958904,1.354000511,0.350213671,FALSE,smote
153,0.023505668,0.943615495,0.410958904,0.938094562,6577,30,43,393,0.993504532,0.070921986,0.929078014,0.056384505,0.410958904,0.943615495,0.589041096,0.056384505,0.589041096,0.061905438,0.006495468,0.929078014,0.070921986,0.410958904,1.354574399,0.350148625,FALSE,smote
154,0.023809822,0.943902439,0.410958904,0.938378532,6579,30,43,391,0.993506494,0.071258907,0.928741093,0.056097561,0.410958904,0.943902439,0.589041096,0.056097561,0.589041096,0.061621468,0.006493506,0.928741093,0.071258907,0.410958904,1.354861343,0.350116349,FALSE,smote
155,0.024140128,0.944045911,0.410958904,0.938520517,6580,30,43,390,0.993507474,0.071428571,0.928571429,0.055954089,0.410958904,0.944045911,0.589041096,0.055954089,0.589041096,0.061479483,0.006492526,0.928571429,0.071428571,0.410958904,1.355004815,0.350100273,FALSE,smote
156,0.025273299,0.944332855,0.410958904,0.938804487,6582,30,43,388,0.993509434,0.071770335,0.928229665,0.055667145,0.410958904,0.944332855,0.589041096,0.055667145,0.589041096,0.061195513,0.006490566,0.928229665,0.071770335,0.410958904,1.355291759,0.350068244,FALSE,smote
157,0.026746438,0.944476327,0.397260274,0.938804487,6583,29,44,387,0.993360495,0.069711538,0.930288462,0.055523673,0.397260274,0.944476327,0.602739726,0.055523673,0.602739726,0.061195513,0.006639505,0.930288462,0.069711538,0.397260274,1.341736601,0.366378056,FALSE,smote
158,0.027476304,0.946628407,0.383561644,0.940792276,6598,28,45,372,0.993225952,0.07,0.93,0.053371593,0.383561644,0.946628407,0.616438356,0.053371593,0.616438356,0.059207724,0.006774048,0.93,0.07,0.383561644,1.330190051,0.382844774,FALSE,smote
159,0.027801125,0.946771879,0.383561644,0.940934261,6599,28,45,371,0.993226972,0.070175439,0.929824561,0.053228121,0.383561644,0.946771879,0.616438356,0.053228121,0.616438356,0.059065739,0.006773028,0.929824561,0.070175439,0.383561644,1.330333523,0.38282948,FALSE,smote
160,0.0294812,0.946915352,0.383561644,0.941076246,6600,28,45,370,0.993227991,0.070351759,0.929648241,0.053084648,0.383561644,0.946915352,0.616438356,0.053084648,0.616438356,0.058923754,0.006772009,0.929648241,0.070351759,0.383561644,1.330476995,0.382814227,FALSE,smote
161,0.031660172,0.947058824,0.383561644,0.941218231,6601,28,45,369,0.99322901,0.070528967,0.929471033,0.052941176,0.383561644,0.947058824,0.616438356,0.052941176,0.616438356,0.058781769,0.00677099,0.929471033,0.070528967,0.383561644,1.330620467,0.382799015,FALSE,smote
162,0.032973205,0.947919656,0.383561644,0.942070141,6607,28,45,363,0.993235117,0.071611253,0.928388747,0.052080344,0.383561644,0.947919656,0.616438356,0.052080344,0.616438356,0.057929859,0.006764883,0.928388747,0.071611253,0.383561644,1.3314813,0.382708609,FALSE,smote
163,0.03398018,0.971879484,0.369863014,0.965639642,6774,27,46,196,0.993255132,0.121076233,0.878923767,0.028120516,0.369863014,0.971879484,0.630136986,0.028120516,0.630136986,0.034360358,0.006744868,0.878923767,0.121076233,0.369863014,1.341742497,0.397863385,FALSE,smote
164,0.034252409,0.974605452,0.356164384,0.968195371,6793,26,47,177,0.993128655,0.128078818,0.871921182,0.025394548,0.356164384,0.974605452,0.643835616,0.025394548,0.643835616,0.031804629,0.006871345,0.871921182,0.128078818,0.356164384,1.330769835,0.415169184,FALSE,smote
165,0.034298875,0.974748924,0.356164384,0.968337356,6794,26,47,176,0.993129659,0.128712871,0.871287129,0.025251076,0.356164384,0.974748924,0.643835616,0.025251076,0.643835616,0.031662644,0.006870341,0.871287129,0.128712871,0.356164384,1.330913308,0.415161918,FALSE,smote
166,0.034606134,0.974892396,0.356164384,0.968479341,6795,26,47,175,0.993130664,0.129353234,0.870646766,0.025107604,0.356164384,0.974892396,0.643835616,0.025107604,0.643835616,0.031520659,0.006869336,0.870646766,0.129353234,0.356164384,1.33105678,0.415154693,FALSE,smote
167,0.035104863,0.975035868,0.356164384,0.968621326,6796,26,47,174,0.993131667,0.13,0.87,0.024964132,0.356164384,0.975035868,0.643835616,0.024964132,0.643835616,0.031378674,0.006868333,0.87,0.13,0.356164384,1.331200252,0.415147509,FALSE,smote
168,0.036168844,0.978335725,0.356164384,0.97188698,6819,26,47,151,0.993154675,0.146892655,0.853107345,0.021664275,0.356164384,0.978335725,0.643835616,0.021664275,0.643835616,0.02811302,0.006845325,0.853107345,0.146892655,0.356164384,1.334500108,0.414993642,FALSE,smote
169,0.03777214,0.978479197,0.356164384,0.972028965,6820,26,47,150,0.993155672,0.147727273,0.852272727,0.021520803,0.356164384,0.978479197,0.643835616,0.021520803,0.643835616,0.027971035,0.006844328,0.852272727,0.147727273,0.356164384,1.33464358,0.414987446,FALSE,smote
170,0.039465358,0.978622669,0.356164384,0.97217095,6821,26,47,149,0.993156669,0.148571429,0.851428571,0.021377331,0.356164384,0.978622669,0.643835616,0.021377331,0.643835616,0.02782905,0.006843331,0.851428571,0.148571429,0.356164384,1.334787052,0.414981291,FALSE,smote
171,0.040645151,0.978766141,0.356164384,0.972312935,6822,26,47,148,0.993157665,0.149425287,0.850574713,0.021233859,0.356164384,0.978766141,0.643835616,0.021233859,0.643835616,0.027687065,0.006842335,0.850574713,0.149425287,0.356164384,1.334930524,0.414975178,FALSE,smote
172,0.040880628,0.978909613,0.356164384,0.97245492,6823,26,47,147,0.993158661,0.150289017,0.849710983,0.021090387,0.356164384,0.978909613,0.643835616,0.021090387,0.643835616,0.02754508,0.006841339,0.849710983,0.150289017,0.356164384,1.335073996,0.414969105,FALSE,smote
173,0.040893699,0.982065997,0.356164384,0.975578589,6845,26,47,125,0.993180499,0.17218543,0.82781457,0.017934003,0.356164384,0.982065997,0.643835616,0.017934003,0.643835616,0.024421411,0.006819501,0.82781457,0.17218543,0.356164384,1.338230381,0.414845929,FALSE,smote
174,0.041929241,0.982209469,0.356164384,0.975720574,6846,26,47,124,0.993181488,0.173333333,0.826666667,0.017790531,0.356164384,0.982209469,0.643835616,0.017790531,0.643835616,0.024279426,0.006818512,0.826666667,0.173333333,0.356164384,1.338373853,0.414840804,FALSE,smote
175,0.043256056,0.983213773,0.342465753,0.976572483,6853,25,48,117,0.993044486,0.176056338,0.823943662,0.016786227,0.342465753,0.983213773,0.657534247,0.016786227,0.657534247,0.023427517,0.006955514,0.823943662,0.176056338,0.342465753,1.325679527,0.432633063,FALSE,smote
176,0.04383526,0.983357245,0.342465753,0.976714468,6854,25,48,116,0.993045494,0.177304965,0.822695035,0.016642755,0.342465753,0.983357245,0.657534247,0.016642755,0.657534247,0.023285532,0.006954506,0.822695035,0.177304965,0.342465753,1.325822999,0.432628267,FALSE,smote
177,0.044399776,0.983500717,0.342465753,0.976856453,6855,25,48,115,0.993046502,0.178571429,0.821428571,0.016499283,0.342465753,0.983500717,0.657534247,0.016499283,0.657534247,0.023143547,0.006953498,0.821428571,0.178571429,0.342465753,1.325966471,0.432623512,FALSE,smote
178,0.044980874,0.984648494,0.328767123,0.977850348,6863,24,49,107,0.99291088,0.183206107,0.816793893,0.015351506,0.328767123,0.984648494,0.671232877,0.015351506,0.671232877,0.022149652,0.00708912,0.816793893,0.183206107,0.328767123,1.313415617,0.450789244,FALSE,smote
179,0.045308107,0.985222382,0.328767123,0.978418288,6867,24,49,103,0.99291498,0.188976378,0.811023622,0.014777618,0.328767123,0.985222382,0.671232877,0.014777618,0.671232877,0.021581712,0.00708502,0.811023622,0.188976378,0.328767123,1.313989505,0.450771953,FALSE,smote
180,0.045482801,0.985509326,0.328767123,0.978702258,6869,24,49,101,0.992917028,0.192,0.808,0.014490674,0.328767123,0.985509326,0.671232877,0.014490674,0.671232877,0.021297742,0.007082972,0.808,0.192,0.328767123,1.314276449,0.450763554,FALSE,smote
181,0.04599721,0.985652798,0.328767123,0.978844243,6870,24,49,100,0.992918052,0.193548387,0.806451613,0.014347202,0.328767123,0.985652798,0.671232877,0.014347202,0.671232877,0.021155757,0.007081948,0.806451613,0.193548387,0.328767123,1.314419921,0.450759417,FALSE,smote
182,0.048697875,0.98579627,0.328767123,0.978986227,6871,24,49,99,0.992919075,0.195121951,0.804878049,0.01420373,0.328767123,0.98579627,0.671232877,0.01420373,0.671232877,0.021013773,0.007080925,0.804878049,0.195121951,0.328767123,1.314563393,0.450755321,FALSE,smote
183,0.051494521,0.985939742,0.315068493,0.978986227,6872,23,50,98,0.992776654,0.190082645,0.809917355,0.014060258,0.315068493,0.985939742,0.684931507,0.014060258,0.684931507,0.021013773,0.007223346,0.809917355,0.190082645,0.315068493,1.301008235,0.46932886,FALSE,smote
184,0.051977587,0.986226686,0.315068493,0.979270197,6874,23,50,96,0.992778741,0.193277311,0.806722689,0.013773314,0.315068493,0.986226686,0.684931507,0.013773314,0.684931507,0.020729803,0.007221259,0.806722689,0.193277311,0.315068493,1.301295179,0.469320873,FALSE,smote
185,0.053016076,0.98651363,0.315068493,0.979554167,6876,23,50,94,0.992780826,0.196581197,0.803418803,0.01348637,0.315068493,0.98651363,0.684931507,0.01348637,0.684931507,0.020445833,0.007219174,0.803418803,0.196581197,0.315068493,1.301582123,0.469313051,FALSE,smote
186,0.054046637,0.986657102,0.315068493,0.979696152,6877,23,50,93,0.992781868,0.198275862,0.801724138,0.013342898,0.315068493,0.986657102,0.684931507,0.013342898,0.684931507,0.020303848,0.007218132,0.801724138,0.198275862,0.315068493,1.301725595,0.469309202,FALSE,smote
187,0.054580424,0.986800574,0.315068493,0.979838137,6878,23,50,92,0.99278291,0.2,0.8,0.013199426,0.315068493,0.986800574,0.684931507,0.013199426,0.684931507,0.020161863,0.00721709,0.8,0.2,0.315068493,1.301869067,0.469305394,FALSE,smote
188,0.055468647,0.986944046,0.315068493,0.979980122,6879,23,50,91,0.992783952,0.201754386,0.798245614,0.013055954,0.315068493,0.986944046,0.684931507,0.013055954,0.684931507,0.020019878,0.007216048,0.798245614,0.201754386,0.315068493,1.302012539,0.469301627,FALSE,smote
189,0.056393131,0.987374462,0.315068493,0.980406077,6882,23,50,88,0.992787074,0.207207207,0.792792793,0.012625538,0.315068493,0.987374462,0.684931507,0.012625538,0.684931507,0.019593923,0.007212926,0.792792793,0.207207207,0.315068493,1.302442955,0.469290573,FALSE,smote
190,0.057234791,0.987517934,0.315068493,0.980548062,6883,23,50,87,0.992788115,0.209090909,0.790909091,0.012482066,0.315068493,0.987517934,0.684931507,0.012482066,0.684931507,0.019451938,0.007211885,0.790909091,0.209090909,0.315068493,1.302586427,0.469286971,FALSE,smote
191,0.057549682,0.98794835,0.315068493,0.980974017,6886,23,50,84,0.992791234,0.214953271,0.785046729,0.01205165,0.315068493,0.98794835,0.684931507,0.01205165,0.684931507,0.019025983,0.007208766,0.785046729,0.214953271,0.315068493,1.303016843,0.469276411,FALSE,smote
192,0.058678747,0.988091822,0.315068493,0.981116002,6887,23,50,83,0.992792273,0.216981132,0.783018868,0.011908178,0.315068493,0.988091822,0.684931507,0.011908178,0.684931507,0.018883998,0.007207727,0.783018868,0.216981132,0.315068493,1.303160315,0.469272974,FALSE,smote
193,0.060827243,0.988378766,0.315068493,0.981399972,6889,23,50,81,0.992794351,0.221153846,0.778846154,0.011621234,0.315068493,0.988378766,0.684931507,0.011621234,0.684931507,0.018600028,0.007205649,0.778846154,0.221153846,0.315068493,1.303447259,0.469266222,FALSE,smote
194,0.062286882,0.988809182,0.315068493,0.981825926,6892,23,50,78,0.992797465,0.227722772,0.772277228,0.011190818,0.315068493,0.988809182,0.684931507,0.011190818,0.684931507,0.018174074,0.007202535,0.772277228,0.227722772,0.315068493,1.303877675,0.469256403,FALSE,smote
195,0.062835417,0.98938307,0.315068493,0.982393866,6896,23,50,74,0.992801612,0.237113402,0.762886598,0.01061693,0.315068493,0.98938307,0.684931507,0.01061693,0.684931507,0.017606134,0.007198388,0.762886598,0.237113402,0.315068493,1.304451563,0.469243888,FALSE,smote
196,0.06339077,0.989670014,0.315068493,0.982677836,6898,23,50,72,0.992803685,0.242105263,0.757894737,0.010329986,0.315068493,0.989670014,0.684931507,0.010329986,0.684931507,0.017322164,0.007196315,0.757894737,0.242105263,0.315068493,1.304738507,0.469237878,FALSE,smote
197,0.063894172,0.989813486,0.315068493,0.982819821,6899,23,50,71,0.99280472,0.244680851,0.755319149,0.010186514,0.315068493,0.989813486,0.684931507,0.010186514,0.684931507,0.017180179,0.00719528,0.755319149,0.244680851,0.315068493,1.30488198,0.469234934,FALSE,smote
198,0.064014224,0.989956958,0.315068493,0.982961806,6900,23,50,70,0.992805755,0.247311828,0.752688172,0.010043042,0.315068493,0.989956958,0.684931507,0.010043042,0.684931507,0.017038194,0.007194245,0.752688172,0.247311828,0.315068493,1.305025452,0.469232032,FALSE,smote
199,0.064787709,0.989956958,0.301369863,0.982819821,6900,22,51,70,0.992662926,0.239130435,0.760869565,0.010043042,0.301369863,0.989956958,0.698630137,0.010043042,0.698630137,0.017180179,0.007337074,0.760869565,0.239130435,0.301369863,1.291326821,0.488184931,FALSE,smote
200,0.065988462,0.989956958,0.273972603,0.982535851,6900,20,53,70,0.992377391,0.222222222,0.777777778,0.010043042,0.273972603,0.989956958,0.726027397,0.010043042,0.726027397,0.017464149,0.007622609,0.777777778,0.222222222,0.273972603,1.263929561,0.527216644,FALSE,smote
201,0.066814927,0.990387374,0.273972603,0.982961806,6903,20,53,67,0.992380679,0.229885057,0.770114943,0.009612626,0.273972603,0.990387374,0.726027397,0.009612626,0.726027397,0.017038194,0.007619321,0.770114943,0.229885057,0.273972603,1.264359977,0.527208184,FALSE,smote
202,0.067210086,0.990817791,0.273972603,0.983387761,6906,20,53,64,0.992383963,0.238095238,0.761904762,0.009182209,0.273972603,0.990817791,0.726027397,0.009182209,0.726027397,0.016612239,0.007616037,0.761904762,0.238095238,0.273972603,1.264790393,0.527200095,FALSE,smote
203,0.070310249,0.990961263,0.273972603,0.983529746,6907,20,53,63,0.992385057,0.240963855,0.759036145,0.009038737,0.273972603,0.990961263,0.726027397,0.009038737,0.726027397,0.016470254,0.007614943,0.759036145,0.240963855,0.273972603,1.264933865,0.52719748,FALSE,smote
204,0.073667183,0.991104735,0.273972603,0.983671731,6908,20,53,62,0.992386151,0.243902439,0.756097561,0.008895265,0.273972603,0.991104735,0.726027397,0.008895265,0.726027397,0.016328269,0.007613849,0.756097561,0.243902439,0.273972603,1.265077337,0.527194907,FALSE,smote
205,0.074783015,0.991248207,0.273972603,0.983813716,6909,20,53,61,0.992387245,0.24691358,0.75308642,0.008751793,0.273972603,0.991248207,0.726027397,0.008751793,0.726027397,0.016186284,0.007612755,0.75308642,0.24691358,0.273972603,1.265220809,0.527192375,FALSE,smote
206,0.076879393,0.991391679,0.273972603,0.983955701,6910,20,53,60,0.992388338,0.25,0.75,0.008608321,0.273972603,0.991391679,0.726027397,0.008608321,0.726027397,0.016044299,0.007611662,0.75,0.25,0.273972603,1.265364281,0.527189885,FALSE,smote
207,0.078660666,0.991535151,0.273972603,0.984097686,6911,20,53,59,0.992389431,0.253164557,0.746835443,0.008464849,0.273972603,0.991535151,0.726027397,0.008464849,0.726027397,0.015902314,0.007610569,0.746835443,0.253164557,0.273972603,1.265507753,0.527187435,FALSE,smote
208,0.079956473,0.992109039,0.273972603,0.984665625,6915,20,53,55,0.9923938,0.266666667,0.733333333,0.007890961,0.273972603,0.992109039,0.726027397,0.007890961,0.726027397,0.015334375,0.0076062,0.733333333,0.266666667,0.273972603,1.266081641,0.527178049,FALSE,smote
209,0.081647961,0.992252511,0.273972603,0.98480761,6916,20,53,54,0.992394892,0.27027027,0.72972973,0.007747489,0.273972603,0.992252511,0.726027397,0.007747489,0.726027397,0.01519239,0.007605108,0.72972973,0.27027027,0.273972603,1.266225114,0.527175805,FALSE,smote
210,0.082597254,0.992395983,0.273972603,0.984949595,6917,20,53,53,0.992395983,0.273972603,0.726027397,0.007604017,0.273972603,0.992395983,0.726027397,0.007604017,0.726027397,0.015050405,0.007604017,0.726027397,0.273972603,0.273972603,1.266368586,0.527173603,FALSE,smote
211,0.082878388,0.992539455,0.273972603,0.98509158,6918,20,53,52,0.992397074,0.277777778,0.722222222,0.007460545,0.273972603,0.992539455,0.726027397,0.007460545,0.726027397,0.01490842,0.007602926,0.722222222,0.277777778,0.273972603,1.266512058,0.527171441,FALSE,smote
212,0.083128391,0.992539455,0.260273973,0.984949595,6918,19,54,52,0.992254733,0.267605634,0.732394366,0.007460545,0.260273973,0.992539455,0.739726027,0.007460545,0.739726027,0.015050405,0.007745267,0.732394366,0.267605634,0.260273973,1.252813427,0.547250255,FALSE,smote
213,0.083164346,0.992682927,0.260273973,0.98509158,6919,19,54,51,0.992255844,0.271428571,0.728571429,0.007317073,0.260273973,0.992682927,0.739726027,0.007317073,0.739726027,0.01490842,0.007744156,0.728571429,0.271428571,0.260273973,1.252956899,0.547248135,FALSE,smote
214,0.083720439,0.992826399,0.260273973,0.985233565,6920,19,54,50,0.992256954,0.275362319,0.724637681,0.007173601,0.260273973,0.992826399,0.739726027,0.007173601,0.739726027,0.014766435,0.007743046,0.724637681,0.275362319,0.260273973,1.253100371,0.547246056,FALSE,smote
215,0.08524734,0.992969871,0.260273973,0.98537555,6921,19,54,49,0.992258065,0.279411765,0.720588235,0.007030129,0.260273973,0.992969871,0.739726027,0.007030129,0.739726027,0.01462445,0.007741935,0.720588235,0.279411765,0.260273973,1.253243843,0.547244018,FALSE,smote
216,0.091840019,0.993113343,0.260273973,0.985517535,6922,19,54,48,0.992259174,0.28358209,0.71641791,0.006886657,0.260273973,0.993113343,0.739726027,0.006886657,0.739726027,0.014482465,0.007740826,0.71641791,0.28358209,0.260273973,1.253387316,0.547242022,FALSE,smote
217,0.099157702,0.993256815,0.260273973,0.98565952,6923,19,54,47,0.992260284,0.287878788,0.712121212,0.006743185,0.260273973,0.993256815,0.739726027,0.006743185,0.739726027,0.01434048,0.007739716,0.712121212,0.287878788,0.260273973,1.253530788,0.547240066,FALSE,smote
218,0.106840137,0.993400287,0.260273973,0.985801505,6924,19,54,46,0.992261393,0.292307692,0.707692308,0.006599713,0.260273973,0.993400287,0.739726027,0.006599713,0.739726027,0.014198495,0.007738607,0.707692308,0.292307692,0.260273973,1.25367426,0.547238152,FALSE,smote
219,0.117643979,0.993400287,0.246575342,0.98565952,6924,18,55,46,0.992119215,0.28125,0.71875,0.006599713,0.246575342,0.993400287,0.753424658,0.006599713,0.753424658,0.01434048,0.007880785,0.71875,0.28125,0.246575342,1.239975629,0.567692271,FALSE,smote
220,0.122895064,0.993830703,0.246575342,0.986085475,6927,18,55,43,0.992122601,0.295081967,0.704918033,0.006169297,0.246575342,0.993830703,0.753424658,0.006169297,0.753424658,0.013914525,0.007877399,0.704918033,0.295081967,0.246575342,1.240406045,0.567686775,FALSE,smote
221,0.123658385,0.993974175,0.246575342,0.98622746,6928,18,55,42,0.992123729,0.3,0.7,0.006025825,0.246575342,0.993974175,0.753424658,0.006025825,0.753424658,0.01377254,0.007876271,0.7,0.3,0.246575342,1.240549518,0.567685025,FALSE,smote
222,0.132458349,0.994548063,0.246575342,0.9867954,6932,18,55,38,0.992128238,0.321428571,0.678571429,0.005451937,0.246575342,0.994548063,0.753424658,0.005451937,0.753424658,0.0132046,0.007871762,0.678571429,0.321428571,0.246575342,1.241123406,0.567678438,FALSE,smote
223,0.141148006,0.994835007,0.246575342,0.98707937,6934,18,55,36,0.992130491,0.333333333,0.666666667,0.005164993,0.246575342,0.994835007,0.753424658,0.005164993,0.753424658,0.01292063,0.007869509,0.666666667,0.333333333,0.246575342,1.24141035,0.567675392,FALSE,smote
224,0.147671089,0.994978479,0.246575342,0.987221355,6935,18,55,35,0.992131617,0.339622642,0.660377358,0.005021521,0.246575342,0.994978479,0.753424658,0.005021521,0.753424658,0.012778645,0.007868383,0.660377358,0.339622642,0.246575342,1.241553822,0.56767393,FALSE,smote
225,0.154231413,0.995265423,0.246575342,0.987505324,6937,18,55,33,0.992133867,0.352941176,0.647058824,0.004734577,0.246575342,0.995265423,0.753424658,0.004734577,0.753424658,0.012494676,0.007866133,0.647058824,0.352941176,0.246575342,1.241840766,0.567671131,FALSE,smote
226,0.157006868,0.995265423,0.219178082,0.987221355,6937,16,57,33,0.991850157,0.326530612,0.673469388,0.004734577,0.219178082,0.995265423,0.780821918,0.004734577,0.780821918,0.012778645,0.008149843,0.673469388,0.326530612,0.219178082,1.214443505,0.609705284,FALSE,smote
227,0.159879347,0.995695839,0.219178082,0.987647309,6940,16,57,30,0.991853652,0.347826087,0.652173913,0.004304161,0.219178082,0.995695839,0.780821918,0.004304161,0.780821918,0.012352691,0.008146348,0.652173913,0.347826087,0.219178082,1.214873922,0.609701393,FALSE,smote
228,0.160346445,0.995695839,0.205479452,0.987505324,6940,15,58,30,0.991711918,0.333333333,0.666666667,0.004304161,0.205479452,0.995695839,0.794520548,0.004304161,0.794520548,0.012494676,0.008288082,0.666666667,0.333333333,0.205479452,1.201175291,0.631281427,FALSE,smote
229,0.161390768,0.995982783,0.191780822,0.987647309,6942,14,59,28,0.991572632,0.333333333,0.666666667,0.004017217,0.191780822,0.995982783,0.808219178,0.004017217,0.808219178,0.012352691,0.008427368,0.666666667,0.333333333,0.191780822,1.187763605,0.653234378,FALSE,smote
230,0.167986785,0.996126255,0.191780822,0.987789294,6943,14,59,27,0.991573836,0.341463415,0.658536585,0.003873745,0.191780822,0.996126255,0.808219178,0.003873745,0.808219178,0.012210706,0.008426164,0.658536585,0.341463415,0.191780822,1.187907077,0.653233246,FALSE,smote
231,0.174586133,0.996269727,0.191780822,0.987931279,6944,14,59,26,0.991575039,0.35,0.65,0.003730273,0.191780822,0.996269727,0.808219178,0.003730273,0.808219178,0.012068721,0.008424961,0.65,0.35,0.191780822,1.188050549,0.653232155,FALSE,smote
232,0.182149047,0.996556671,0.178082192,0.988073264,6946,13,60,24,0.991435912,0.351351351,0.648648649,0.003443329,0.178082192,0.996556671,0.821917808,0.003443329,0.821917808,0.011926736,0.008564088,0.648648649,0.351351351,0.178082192,1.174638863,0.67556074,FALSE,smote
233,0.189961306,0.996700143,0.178082192,0.988215249,6947,13,60,23,0.991437134,0.361111111,0.638888889,0.003299857,0.178082192,0.996700143,0.821917808,0.003299857,0.821917808,0.011784751,0.008562866,0.638888889,0.361111111,0.178082192,1.174782335,0.675559773,FALSE,smote
234,0.192791402,0.996843615,0.178082192,0.988357234,6948,13,60,22,0.991438356,0.371428571,0.628571429,0.003156385,0.178082192,0.996843615,0.821917808,0.003156385,0.821917808,0.011642766,0.008561644,0.628571429,0.371428571,0.178082192,1.174925807,0.675558846,FALSE,smote
235,0.199705921,0.996987088,0.178082192,0.988499219,6949,13,60,21,0.991439578,0.382352941,0.617647059,0.003012912,0.178082192,0.996987088,0.821917808,0.003012912,0.821917808,0.011500781,0.008560422,0.617647059,0.382352941,0.178082192,1.175069279,0.675557961,FALSE,smote
236,0.206800338,0.99713056,0.178082192,0.988641204,6950,13,60,20,0.991440799,0.393939394,0.606060606,0.00286944,0.178082192,0.99713056,0.821917808,0.00286944,0.821917808,0.011358796,0.008559201,0.606060606,0.393939394,0.178082192,1.175212751,0.675557117,FALSE,smote
237,0.209159086,0.997274032,0.178082192,0.988783189,6951,13,60,19,0.99144202,0.40625,0.59375,0.002725968,0.178082192,0.997274032,0.821917808,0.002725968,0.821917808,0.011216811,0.00855798,0.59375,0.40625,0.178082192,1.175356223,0.675556314,FALSE,smote
238,0.211898563,0.997417504,0.178082192,0.988925174,6952,13,60,18,0.99144324,0.419354839,0.580645161,0.002582496,0.178082192,0.997417504,0.821917808,0.002582496,0.821917808,0.011074826,0.00855676,0.580645161,0.419354839,0.178082192,1.175499695,0.675555553,FALSE,smote
239,0.214776099,0.997560976,0.178082192,0.989067159,6953,13,60,17,0.99144446,0.433333333,0.566666667,0.002439024,0.178082192,0.997560976,0.821917808,0.002439024,0.821917808,0.010932841,0.00855554,0.566666667,0.433333333,0.178082192,1.175643167,0.675554832,FALSE,smote
240,0.216644936,0.997560976,0.164383562,0.988925174,6953,12,61,17,0.991303108,0.413793103,0.586206897,0.002439024,0.164383562,0.997560976,0.835616438,0.002439024,0.835616438,0.011074826,0.008696892,0.586206897,0.413793103,0.164383562,1.161944537,0.698260781,FALSE,smote
241,0.231331233,0.997560976,0.150684932,0.988783189,6953,11,62,17,0.991161796,0.392857143,0.607142857,0.002439024,0.150684932,0.997560976,0.849315068,0.002439024,0.849315068,0.011216811,0.008838204,0.607142857,0.392857143,0.150684932,1.148245907,0.721342034,FALSE,smote
242,0.253549083,0.997704448,0.150684932,0.988925174,6954,11,62,16,0.991163056,0.407407407,0.592592593,0.002295552,0.150684932,0.997704448,0.849315068,0.002295552,0.849315068,0.011074826,0.008836944,0.592592593,0.407407407,0.150684932,1.148389379,0.721341355,FALSE,smote
243,0.264862767,0.99784792,0.150684932,0.989067159,6955,11,62,15,0.991164315,0.423076923,0.576923077,0.00215208,0.150684932,0.99784792,0.849315068,0.00215208,0.849315068,0.010932841,0.008835685,0.576923077,0.423076923,0.150684932,1.148532851,0.721340717,FALSE,smote
244,0.271741551,0.99784792,0.136986301,0.988925174,6955,10,63,15,0.991023083,0.4,0.6,0.00215208,0.136986301,0.99784792,0.863013699,0.00215208,0.863013699,0.011074826,0.008976917,0.6,0.4,0.136986301,1.134834221,0.744797275,FALSE,smote
245,0.277260585,0.997991392,0.136986301,0.989067159,6956,10,63,14,0.991024362,0.416666667,0.583333333,0.002008608,0.136986301,0.997991392,0.863013699,0.002008608,0.863013699,0.010932841,0.008975638,0.583333333,0.416666667,0.136986301,1.134977693,0.744796679,FALSE,smote
246,0.285583539,0.998134864,0.136986301,0.989209144,6957,10,63,13,0.991025641,0.434782609,0.565217391,0.001865136,0.136986301,0.998134864,0.863013699,0.001865136,0.863013699,0.010790856,0.008974359,0.565217391,0.434782609,0.136986301,1.135121165,0.744796123,FALSE,smote
247,0.296122546,0.998278336,0.136986301,0.989351129,6958,10,63,12,0.991026919,0.454545455,0.545454545,0.001721664,0.136986301,0.998278336,0.863013699,0.001721664,0.863013699,0.010648871,0.008973081,0.545454545,0.454545455,0.136986301,1.135264637,0.744795608,FALSE,smote
248,0.30377306,0.998278336,0.123287671,0.989209144,6958,9,64,12,0.990885788,0.428571429,0.571428571,0.001721664,0.123287671,0.998278336,0.876712329,0.001721664,0.876712329,0.010790856,0.009114212,0.571428571,0.428571429,0.123287671,1.121566007,0.768627472,FALSE,smote
249,0.329924293,0.998421808,0.123287671,0.989351129,6959,9,64,11,0.990887085,0.45,0.55,0.001578192,0.123287671,0.998421808,0.876712329,0.001578192,0.876712329,0.010648871,0.009112915,0.55,0.45,0.123287671,1.121709479,0.768626998,FALSE,smote
250,0.360896307,0.998421808,0.082191781,0.988925174,6959,6,67,11,0.990463991,0.352941176,0.647058824,0.001578192,0.082191781,0.998421808,0.917808219,0.001578192,0.917808219,0.011074826,0.009536009,0.647058824,0.352941176,0.082191781,1.080613589,0.842374418,FALSE,smote
251,0.375672617,0.99856528,0.082191781,0.989067159,6960,6,67,10,0.990465348,0.375,0.625,0.00143472,0.082191781,0.99856528,0.917808219,0.00143472,0.917808219,0.010932841,0.009534652,0.625,0.375,0.082191781,1.080757061,0.842373986,FALSE,smote
252,0.39069464,0.998708752,0.082191781,0.989209144,6961,6,67,9,0.990466705,0.4,0.6,0.001291248,0.082191781,0.998708752,0.917808219,0.001291248,0.917808219,0.010790856,0.009533295,0.6,0.4,0.082191781,1.080900533,0.842373595,FALSE,smote
253,0.416981292,0.998995696,0.082191781,0.989493114,6963,6,67,7,0.990469417,0.461538462,0.538461538,0.001004304,0.082191781,0.998995696,0.917808219,0.001004304,0.917808219,0.010506886,0.009530583,0.538461538,0.461538462,0.082191781,1.081187477,0.842372936,FALSE,smote
254,0.453528332,0.999139168,0.082191781,0.989635099,6964,6,67,6,0.990470772,0.5,0.5,0.000860832,0.082191781,0.999139168,0.917808219,0.000860832,0.917808219,0.010364901,0.009529228,0.5,0.5,0.082191781,1.081330949,0.842372668,FALSE,smote
255,0.495623166,0.99928264,0.082191781,0.989777084,6965,6,67,5,0.990472127,0.545454545,0.454545455,0.00071736,0.082191781,0.99928264,0.917808219,0.00071736,0.917808219,0.010222916,0.009527873,0.454545455,0.545454545,0.082191781,1.081474421,0.842372442,FALSE,smote
256,0.532365584,0.99928264,0.068493151,0.989635099,6965,5,68,5,0.990331295,0.5,0.5,0.00071736,0.068493151,0.99928264,0.931506849,0.00071736,0.931506849,0.010364901,0.009668705,0.5,0.5,0.068493151,1.067775791,0.867705525,FALSE,smote
257,0.555305621,0.999426112,0.068493151,0.989777084,6966,5,68,4,0.99033267,0.555555556,0.444444444,0.000573888,0.068493151,0.999426112,0.931506849,0.000573888,0.931506849,0.010222916,0.00966733,0.444444444,0.555555556,0.068493151,1.067919263,0.86770534,FALSE,smote
258,0.58548532,0.999426112,0.054794521,0.989635099,6966,4,69,4,0.990191898,0.5,0.5,0.000573888,0.054794521,0.999426112,0.945205479,0.000573888,0.945205479,0.010364901,0.009808102,0.5,0.5,0.054794521,1.054220632,0.893413728,FALSE,smote
259,0.617924155,0.999569584,0.054794521,0.989777084,6967,4,69,3,0.990193292,0.571428571,0.428571429,0.000430416,0.054794521,0.999569584,0.945205479,0.000430416,0.945205479,0.010222916,0.009806708,0.428571429,0.571428571,0.054794521,1.054364104,0.893413584,FALSE,smote
260,0.638526363,0.999713056,0.054794521,0.989919069,6968,4,69,2,0.990194685,0.666666667,0.333333333,0.000286944,0.054794521,0.999713056,0.945205479,0.000286944,0.945205479,0.010080931,0.009805315,0.333333333,0.666666667,0.054794521,1.054507577,0.893413481,FALSE,smote
261,0.656352311,0.999713056,0.04109589,0.989777084,6968,3,70,2,0.990053993,0.6,0.4,0.000286944,0.04109589,0.999713056,0.95890411,0.000286944,0.95890411,0.010222916,0.009946007,0.4,0.6,0.04109589,1.040808946,0.919497174,FALSE,smote
262,0.74899461,1,0.04109589,0.990061054,6970,3,70,0,0.990056818,1,0,0,0.04109589,1,0.95890411,0,0.95890411,0.009938946,0.009943182,0,1,0.04109589,1.04109589,0.919497091,FALSE,smote
263,0.840854723,1,0.02739726,0.989919069,6970,2,71,0,0.989916205,1,0,0,0.02739726,1,0.97260274,0,0.97260274,0.010080931,0.010083795,0,1,0.02739726,1.02739726,0.945956089,FALSE,smote
264,0.89128742,1,0.01369863,0.989777084,6970,1,72,0,0.989775632,1,0,0,0.01369863,1,0.98630137,0,0.98630137,0.010222916,0.010224368,0,1,0.01369863,1.01369863,0.972790392,FALSE,smote
265,1,1,0,0.989635099,6970,0,73,0,0.989635099,NA,NA,0,0,1,1,0,1,0.010364901,0.010364901,NA,NA,0,1,1,FALSE,smote
